,Model Name,Mean Square Error,Mean Absolute Error,R2 Score
2,Lasso,2821.403893539157,2821.403893539157,-0.037774202944898194
