,Model Name,Position,Mean Square Error,Mean Absolute Error,R2 Score
4,ElasticNet,C,7087.769883377161,7087.769883377161,-3.130688426262207
15,MLPRegressor,1B,29154.121579794333,29154.121579794333,-7.6434732385096495
20,ElasticNet,2B,18386.259392329284,18386.259392329284,-9.05113936084284
28,ElasticNet,3B,27513.242237535425,27513.242237535425,-8.33540182002994
36,ElasticNet,SS,26430.725367314855,26430.725367314855,-8.234687824023142
44,ElasticNet,OF,16028.061892346112,16028.061892346112,-5.74674128241144
50,Lasso,DH,26151.313452239403,26151.313452239403,-11.292848155572825
