,Model Name,Mean Square Error,Mean Absolute Error,R2 Score
7,MLPRegressor,54.95720005688342,54.95720005688342,0.51648456584653
