,Model Name,Mean Square Error,Mean Absolute Error,R2 Score
1,Ridge,1.2744350751130504,1.2744350751130504,0.703104060435781
