,Model Name,Position,Mean Square Error,Mean Absolute Error,R2 Score
6,KNeighborsRegressor,C,6501.351219512196,6501.351219512196,-2.7889289126735717
12,ElasticNet,1B,29025.90392752847,29025.90392752847,-7.605459887874774
20,ElasticNet,2B,16731.257932300294,16731.257932300294,-8.146406649191348
28,ElasticNet,3B,26052.7958747028,26052.7958747028,-7.839863943543554
36,ElasticNet,SS,28536.889860146202,28536.889860146202,-8.970565153420683
40,LinearRegression,OF,11780.25769107945,11780.25769107945,-3.9587000234759477
50,Lasso,DH,27369.010342855076,27369.010342855076,-11.865246287819211
