,Model Name,Position,Mean Square Error,Mean Absolute Error,R2 Score
0,LinearRegression,C,19002.090316865742,19002.090316865742,-1.2115396049514722
12,ElasticNet,1B,114856.6625164075,114856.6625164075,-5.53045008154794
20,ElasticNet,2B,80747.07511600004,80747.07511600004,-6.463437455777587
28,ElasticNet,3B,107980.50057158098,107980.50057158098,-5.621441030573751
36,ElasticNet,SS,124653.31301691383,124653.31301691383,-9.224155957333519
42,Lasso,OF,50410.107187197755,50410.107187197755,-2.93873508197629
50,Lasso,DH,105855.18437069652,105855.18437069652,-5.868468258699625
