,Model Name,Mean Square Error,Mean Absolute Error,R2 Score
4,ElasticNet,24.22242445142365,24.22242445142365,-0.4090495502050939
