,Model Name,Mean Square Error,Mean Absolute Error,R2 Score
1,Ridge,1367.0113754883146,1367.0113754883146,0.7697385733568922
